<?xml version="1.0" encoding="UTF-8"?>
    <addon id="repository.B40TV" name="B40TV Repository" version="4.5" provider-name="B40TV">
        <requires>
            <import addon="xbmc.addon" version="12.0.0"/>
        </requires>
        <extension point="xbmc.addon.repository" name="B40TV Repository">
            <info compressed="false">https://github.com/Bushie40/_B40/addons.xml</info>
            <checksum>https://github.com/Bushie40/_B40/addons.xml.md5</checksum>
            <datadir zip="true">https://github.com/Bushie40/_B40/</datadir>
            <hashes>false</hashes>
        </extension>
        <extension point="xbmc.addon.metadata">
            <summary>IPTV addon</summary>
            <description>Your one stop shop for television needs</description>
            <platform>all</platform>
    </extension>
</addon>